trans_dirty_snap	6800	+ note
GothFemboiz	6600	18+; NSFW; User must be a femboy or Feminine
TransFeatures	6500	+ note
TransSmallDicks	6000	+ note
trans_fap	6000	+ note
TransShemalePorn	5800	for r/TransShemalePorn
GoonWildTrans	5700	no selling/promo; verification; post limit
AtlantaTransLovers	5700	NO PROSTITUTION!!!; No Harassment; No blowjobs
trans_sounding	5000	+ note
TransBBWCum	4900	+ note
trans_gonemild	4900	NO NUDITY; No low effort posting
femboy_relationships	4900	verification
Pittsburgh_trans	4600	no selling/promo; no reposts
SofterFemboys	4300	+ note
BeautifulTransWoman	3900	Basic Rule
Trans_Models	3800	+ note
trans_pov	3700	+ note
TransTreatment	3700	no selling/promo
FemboyCuties2	3500	verification
TransBrisbane	3100	Posting Requirements; Avoid low effort posts; No cross-posting from other sub-reddits
TransBBWanal	2800	+ note
FemboyRoyalty	2600	no selling/promo
FemboySuperemacy	2600	no selling/promo
TransFeederism	2200	Absolutely no transphobia; This group is for TRANS feedees and feeders only; Keep it tasteful
FemboyFae	2100	+ note
TransCondom	2000	Stick with the theme; NSFW is allowed; Adverting is allowed
Femboys_4_women	2000	No Men; Follow the DM tag; No Engagement Baiting
FemboyBreed	1900	no selling/promo
TransCT	1600	karma/age req; post limit
trans_dom	1500	no selling/promo
FemboyShemaleBlowjobs	1400	no selling/promo
BrazilianTrans	1200	+ note
Trans_Downunder	1100	no selling/promo; verification
