r/traps	2.1M	2,100,000	NSFW	no click bait; first post show genitalia
r/transporn	1.6M	1,600,000	NSFW	show genitalia
r/OnlyIfShesPackin	1.1M	1,100,000	NSFW	sellers ok; post limit
r/StraightToSissy	1M	1,000,000	NSFW	no reposts
r/tscum	962.9k	962,900	NSFW	cum required; GIFs/video only; nudity/explicit req
r/TransGoneWild	938.2k	938,200	NSFW	Visible Holes or Nipples or Genitalia at least
r/GoneWildTrans	930.2k	930,200	NSFW	nudity required
r/Shemale_Big_Cock	868.8k	868,800	NSFW	Big dick
r/Sissy_humiliation	866.6k	866,600	NSFW / SFW ok	Only sissy content, semi nude ok
r/ForcedFeminization	784.1k	784,100	NSFW	verification; no reposts
r/Shemales	761.2k	761,200	NSFW	karma/age req
r/femboy	757.4k	757,400	NSFW	no selling/promo; karma/age req; no reposts
r/Feminization	674.5k	674,500	NSFW	no reposts
r/trapsgonewild	641.6k	641,600	NSFW	at least semi naked
r/tspetite	593.9k	593,900	NSFW / SFW ok	genitals visible at least through bulge
r/Ladyboys	540.1k	540,100	NSFW	must be asian
r/TgirlsCum	475.5k	475,500	NSFW	+ note
r/LadyboyPorn	454.7k	454,700	NSFW / SFW ok	+ note
r/ShemaleCumWhileFucked	439.2k	439,200	NSFW	nudity/explicit req
r/tbulges	412.2k	412,200	NSFW / SFW ok	Onlybulges
r/Rearcock	409.8k	409,800	NSFW	must contain pre-op MTF
r/Femcock	409.1k	409,100	NSFW	karma/age req; no reposts; post limit
r/TransGirlsCum	396.4k	396,400	NSFW	Posts must be consensual and show trans women ejaculating; No reference to external sites in title or media
r/hungfemboys	389.3k	389,300	NSFW	must be active for 14 days with a karma requirement of 100
r/FemboyCum	373.7k	373,700	NSFW	no reposts
r/hornytrans	366k	366,000	NSFW / SFW ok	verification; karma/age req; no reposts; post limit
r/FemboyBussy	359.3k	359,300	NSFW	no solo dickpics, ass only
r/SheIsBigger	357.9k	357,900	NSFW	ONLy BIG DICK
r/SissificationProject	344.2k	344,200	NSFW / SFW ok	+ note
r/MommyCock	337.9k	337,900	NSFW	Must have cock or strapon
r/FemboyHookup	327.6k	327,600	NSFW / SFW ok	no selling/promo; nudity/explicit req; title/flair rules
r/PhatAssFemboys	315.5k	315,500	NSFW	ass only
r/TgirlsPorn	311.6k	311,600	NSFW	+ note
r/cocksizematters	299.2k	299,200	NSFW	+ note
r/ShemalesFuck	290.5k	290,500	NSFW	+ note
r/TransAngel	283.3k	283,300	NSFW	no selling/promo
r/transgoddesses	279.8k	279,800	NSFW	verification
r/transboobs	255.6k	255,600	NSFW / SFW ok	focus on boobs
r/FemboySeduction	247.7k	247,700	NSFW / SFW ok	no selling/promo; no clickbait/begging; post limit
r/BBCFEMBOYS	245.2k	245,200	NSFW	Smooth only no hair
r/ShemaleGoneWilder	228k	228,000	NSFW	+ note
r/TwinkFemboyPorn	222.4k	222,400	NSFW	Comply with Reddit's TOS; Subreddit Relevance; Body should be visible
r/Tbutt	218.8k	218,800	NSFW / SFW ok	karma/age req; no reposts
r/ShemalesCock	216.9k	216,900	NSFW	+ note
r/TransExplicit	213k	213,000	NSFW	no question title
r/TransGirlCumshot	208.4k	208,400	NSFW	Posters must be Trans; Post must contain a picture, gif, video or redgifs link; Only post original content
r/TransDebauchery	202.5k	202,500	NSFW	no question title
r/TransBootyShaking	195.9k	195,900	NSFW / SFW ok	OnlyTrans ass shaking
r/RedGIFsTrans	193.6k	193,600	NSFW / SFW ok	only redgifs
r/TransCutiesGW	192.4k	192,400	NSFW / SFW ok	AI/Fake Trans
r/CrossDresser_Closet	190.7k	190,700	NSFW	+ note
r/TransPorners	187k	187,000	NSFW	min 1000 karma
r/ThiccTransWomen	186.7k	186,700	NSFW	18+ Only; Please be kind and respectful at all times; Site Promoing
r/shemalewank	182.2k	182,200	NSFW	+ note
r/Safe4Trans	180.5k	180,500	NSFW	no selling/promo; verification; no reposts
r/tgirlbigcock	179.3k	179,300	NSFW	bigdick
r/Massiver_Shemale_Hahn	176.1k	176,100	NSFW	no selling/promo; title/flair rules
r/transgirlsrock	170.4k	170,400	NSFW / SFW ok	no social links
r/ShemalesBareback	166.6k	166,600	NSFW / SFW ok	+ note
r/ShemalesNew	160.4k	160,400	NSFW	+ note
r/TheTransDominion	160k	160,000	NSFW	no selling/promo
r/VenusTrans	156.1k	156,100	NSFW / SFW ok	no selling/promo; no reposts; post limit
r/BimboSissyDolls	154.8k	154,800	NSFW	+ note
r/FantasticTrans	153.6k	153,600	NSFW / SFW ok	no selling/promo; no reposts; post limit
r/transwilly	140.4k	140,400	NSFW / SFW ok	AI/Fake Trans
r/tssurprise	128.9k	128,900	NSFW	cock/bulge not visible at first
r/TsAdmirer	125.7k	125,700	NSFW	at least semi naked
r/FemboyFashion	124.5k	124,500	NSFW	no selling/promo
r/EliteFemboy	122k	122,000	NSFW / SFW ok	no selling/promo; post limit
r/TransGirlsDoItBest	121.7k	121,700	NSFW	no selling/promo; no reposts; post limit
r/Bi_Kink	121.2k	121,200	NSFW	+ note
r/transgoonergirls	118.2k	118,200	NSFW	No bigotry; No spam; Nothing illegal
r/ShemaleSuckCock	117.9k	117,900	NSFW	+ note
r/GirlcockEgirlgooning	117.5k	117,500	NSFW	+ note
r/WildFemboys	116.1k	116,100	NSFW / SFW ok	min 100 karma
r/SissyWhitebois4BNWO	115.4k	115,400	NSFW	+ note
r/TransForBBC	113.2k	113,200	NSFW	Post BBC; Low Effort Posts; No Personal Ad
r/transgiirls	111.8k	111,800	NSFW	genitalia must be visible
r/TrapsGoneWild2	109.5k	109,500	NSFW	no reposts
r/transgirlass	108.4k	108,400	NSFW	must have a penis
r/ThiccFemboiss	106.9k	106,900	NSFW / SFW ok	min 100 karma
r/TrapsArentGay2	103.9k	103,900	NSFW / SFW ok	no reposts
r/transdoms	102.6k	102,600	NSFW	no selling/promo
r/TGirlTemple	100.5k	100,500	NSFW / SFW ok	no reposts
r/TransGirlTrap	100.4k	100,400	NSFW	no selling/promo; verification; post limit
r/FemboyFuckdolls	98.4k	98,400	NSFW	include some feminine features
r/SissyGermany	97.3k	97,300	NSFW	+ note
r/Trans_Lovers	91.5k	91,500	NSFW / SFW ok	no social links
r/TransFeet	91.4k	91,400	NSFW / SFW ok	Findom language is not allowed
r/FemboyFeetPics	89.4k	89,400	NSFW / SFW ok	must include feet, socks and shoes are fine
r/mtf_ftm_nsfw	87.7k	87,700	NSFW	no selling/promo
r/PureFemboy	87.7k	87,700	NSFW	GIFs/video only
r/Ilovehotcockbabes	87.2k	87,200	NSFW	+ note
r/Transfixed	83.3k	83,300	NSFW	no selling/promo
r/trans_cumshots	80.2k	80,200	NSFW	Only Trans; Must contain a cumshot; Use RedGIFs
r/femboyfemdom	76.3k	76,300	NSFW	title/flair rules
r/FrontBackTraps	74.1k	74,100	NSFW / SFW ok	traps only
r/trans_goddess	69.5k	69,500	NSFW / SFW ok	Only real
r/ShemalesWebcams	68.7k	68,700	NSFW	+ note
r/OnlyTrans	67k	67,000	NSFW / SFW ok	no reposts; post limit
r/GoonToTransDick	66k	66,000	NSFW	Trans Goon Material; Spam / Illegal
r/EverythingTrap_Trans	63k	63,000	NSFW / SFW ok	All content must be 18+; Be respectfull towards eachother; Posting of anything trap/trans related is allowed
r/TransGirlLatinas	59.6k	59,600	NSFW	genitalia must be visible
r/TransFem18	59.5k	59,500	NSFW / SFW ok	no selling/promo; verification
r/ShemalesEcstasy	55.4k	55,400	NSFW	+ note
r/SmallFemboys	49.6k	49,600	NSFW	no reposts
r/transgendermommys	46.6k	46,600	NSFW	Posting low quality content; Impersonating; Trans Only
r/TransMtF_AI	45.5k	45,500	NSFW	no selling/promo
r/TransMistressCaptions	40.9k	40,900	NSFW	verification
r/german_sissies	39.6k	39,600	NSFW	+ note
r/TheTransPOV	36.6k	36,600	NSFW	+ note
r/TransMistress	35.5k	35,500	NSFW / SFW ok	dominant for submissive
r/StandingDoggyTrans	31.9k	31,900	NSFW	+ note
r/FemboyCulture	31.7k	31,700	NSFW	no clickbait/begging; post limit
r/AmateurTrans_Porn	31.6k	31,600	NSFW	+ note
r/femboyjerkbud	30.4k	30,400	NSFW	+ note
r/onlyfemboy	30k	30,000	NSFW	NO ILLEGAL CONTENT; No malicious activity; Only post yourself
r/FemboyTomboyNSFW	29.5k	29,500	NSFW	Do not break Reddit's TOS; Posts with multiple people are fine if they contain atleast 1 Femboy or Tomboy
r/TransNewWorldOrder	29.4k	29,400	NSFW	+ note
r/MomTransCaptions	29.1k	29,100	NSFW	Posts must relate to trans moms/familial milfs; Engage in common courtesy; Include image and caption
r/femboysforreal	28.4k	28,400	NSFW	karma/age req
r/Trans_GW	27.3k	27,300	NSFW	Original Content Only; No Abusive Title or Comment; Models-Subjects Must Be 18+
r/girlsthatlikefemboys	27.1k	27,100	NSFW	verification; title/flair rules
r/JerkbudsFemboy	22.5k	22,500	NSFW	no selling/promo; verification; no reposts; title/flair rules
r/TransGirlFleshlight	22.4k	22,400	NSFW	no selling/promo
r/FilthyTrans	21.7k	21,700	NSFW	Age Requirement (18+); Follow Reddit & Community Rules; Original Content Creators Only
r/TransSelfsuckRedux	20.7k	20,700	NSFW	+ note
r/FemboyThighPics2	20.3k	20,300	NSFW	Nudity; No asking for sex in post; No Politics or discussion thereof
r/TransCosplays	19.6k	19,600	NSFW	verification
r/GoneMildTrans	18.9k	18,900	NSFW	no selling/promo; no reposts
r/FilthyTransGirls	17.2k	17,200	NSFW	nudity/explicit req
r/TransMonsterCocks	17.2k	17,200	NSFW	no selling/promo; title/flair rules
r/TransMassiveCock	16.7k	16,700	NSFW	no selling/promo
r/ShemaleTransLadyboy	16.4k	16,400	NSFW	no reposts; post limit
r/TransFrotting	16.4k	16,400	NSFW	Transwomen and femboys only; No harassing; No short clips except for crossposts
r/femboysEU	13.3k	13,300	NSFW	no selling/promo; no fakes
r/San_Antonio_Trans	13.2k	13,200	NSFW	no selling/promo; karma/age req
r/TransCutiesNSFW	12.8k	12,800	NSFW	+ note
r/femboymidriffs	12.3k	12,300	NSFW	+ note
r/Kink_Trans	11.9k	11,900	NSFW	No links to malicious or pirate sites; Spam; No minors
r/KnottyTrans	11.8k	11,800	NSFW	+ note
r/TransMissionarySoles	11k	11,000	NSFW	no reposts
r/TransSurgeriesWiki	10.9k	10,900	NSFW	+ note
r/AltTransGirlsPorn	10.8k	10,800	NSFW	+ note
r/TransGoonWild	10.7k	10,700	NSFW	no selling/promo; verification; post limit
r/Femboybrainwash	10.7k	10,700	NSFW	Just brainwashed femboys; No breaking the reddit rules; All characters must be 18+
r/TransgenderSexWorkers	10.4k	10,400	NSFW	no selling/promo; verification; nudity/explicit req
r/trans_findom	10.4k	10,400	NSFW	no selling/promo
r/BlackedTrans	9.1k	9,100	NSFW	no selling/promo
r/NewJerseyTrans	8.9k	8,900	NSFW	+ note
r/trans_gooner	8.1k	8,100	NSFW	+ note
r/FemboyOrder	7.9k	7,900	NSFW	no selling/promo
